Logger Details:,,,,,,,,,
Logger Type,2F8,,,,,,,,
Serial Number,KS1312011,,,,,,,,
Controller Firmware,5.3,,,,,,,,
Acquisition Firmware,5.1,,,,,,,,
Logger ID,Wind Turbine SQ2020,,,,,,,,
,,,,,,,,,
Job Details,,,,,,,,,
Number of Analogue Channels,7,,,,,,,,
Number of Digital Channels,0,,,,,,,,
Total Number of Channels Used,7,,,,,,,,
,,,,,,,,,
Arm Time,22/07/2020 14:04:04,,,,,,,,
Disarm Time,22/07/2020 14:13:52,,,,,,,,
Duration,0:09:48,,,,,,,,
Job Description,Wind Turbine Logger,,,,,,,,
Channel Info,,,,,,,,,
Description,,Wind Speed (MPH),Shaft Speed (RPM),Gen Voltage (VDC),Gen Current (ADC),Battery Voltage (V),Nacelle Yaw (Degrees),Wind Direction (Degrees),
Sample Interval,,0:00:01,0:00:01,0:00:01,0:00:01,0:00:01,0:00:01,0:00:01,
Logging Interval,,0:00:01,0:00:01,0:00:01,0:00:01,0:00:01,0:00:01,0:00:01,
,,,,,,,,,
,,,,,,,,,
Date/Time,Type,Wind Speed (MPH),Shaft Speed (RPM),Gen Voltage (VDC),Gen Current (ADC),Battery Voltage (V),Nacelle Yaw (Degrees),Wind Direction (Degrees),Power (W)
22/07/2020 14:04:06,Interval,14.87,96.52,167.6,1.56,13.08,284.0,285.0,261.5
22/07/2020 14:04:07,Interval,15.51,98.26,166.8,1.89,13.08,284.0,283.0,315.3
22/07/2020 14:04:08,Interval,15.53,97.11,167.2,1.52,13.08,284.0,282.0,254.1
22/07/2020 14:04:09,Interval,15.01,96.13,167.3,1.21,13.08,284.0,286.0,202.4
22/07/2020 14:04:10,Interval,14.77,95.47,167.9,1.25,13.08,284.0,292.0,209.9
22/07/2020 14:04:11,Interval,14.46,95.27,167.7,1.07,13.08,284.0,294.0,179.4
22/07/2020 14:04:12,Interval,13.41,95.03,167.2,0.82,13.08,284.0,289.0,137.1
22/07/2020 14:04:13,Interval,12.87,95.18,167.5,1.42,13.08,284.0,283.0,237.9
22/07/2020 14:04:14,Interval,13.74,96.78,167.0,1.46,13.08,284.0,289.0,243.8
22/07/2020 14:04:15,Interval,14.42,95.10,168.2,1.07,13.08,284.0,285.0,180.0
22/07/2020 14:04:16,Interval,12.29,94.12,168.4,0.92,13.08,284.0,298.0,154.9
22/07/2020 14:04:17,Interval,12.49,93.93,167.6,0.66,13.08,284.0,296.0,110.6
22/07/2020 14:04:18,Interval,12.47,93.36,168.1,0.80,13.08,284.0,288.0,134.5
22/07/2020 14:04:19,Interval,13.17,93.79,167.4,0.78,13.08,284.0,289.0,130.6
22/07/2020 14:04:20,Interval,13.18,93.28,168.0,0.98,13.08,284.0,290.0,164.6
22/07/2020 14:04:21,Interval,12.78,93.44,167.3,0.77,13.08,284.0,286.0,128.8
22/07/2020 14:04:22,Interval,12.88,93.70,167.9,0.81,13.08,284.0,286.0,136.0
22/07/2020 14:04:23,Interval,13.84,93.93,167.5,1.02,13.08,284.0,282.0,170.9
22/07/2020 14:04:24,Interval,13.51,94.04,167.9,0.66,13.08,284.0,297.0,110.8
22/07/2020 14:04:25,Interval,13.05,95.43,167.1,1.01,13.08,284.0,291.0,168.8
22/07/2020 14:04:26,Interval,13.32,95.02,167.6,0.85,13.08,284.0,289.0,142.5
22/07/2020 14:04:27,Interval,13.30,94.31,168.3,0.91,13.08,284.0,289.0,153.2
22/07/2020 14:04:28,Interval,12.63,93.82,167.9,0.75,13.08,284.0,285.0,125.9
22/07/2020 14:04:29,Interval,13.33,93.96,167.7,0.81,13.08,284.0,284.0,135.8
22/07/2020 14:04:30,Interval,13.84,93.55,167.7,0.67,13.08,284.0,284.0,112.4
22/07/2020 14:04:31,Interval,13.54,92.77,168.5,0.52,13.08,284.0,283.0,87.6
22/07/2020 14:04:32,Interval,12.68,92.62,167.6,0.50,13.08,284.0,292.0,83.8
22/07/2020 14:04:33,Interval,11.95,92.74,168.7,0.65,13.08,284.0,294.0,109.7
22/07/2020 14:04:34,Interval,11.35,92.01,168.0,0.47,13.08,284.0,291.0,79.0
22/07/2020 14:04:35,Interval,11.18,91.70,168.3,0.31,13.08,284.0,291.0,52.2
22/07/2020 14:04:36,Interval,11.56,91.86,169.1,0.61,13.08,284.0,293.0,103.2
22/07/2020 14:04:37,Interval,11.26,93.01,168.1,0.79,13.08,284.0,296.0,132.8
22/07/2020 14:04:38,Interval,11.50,93.31,167.3,0.72,13.08,284.0,299.0,120.5
22/07/2020 14:04:39,Interval,12.51,92.90,168.2,0.56,13.08,284.0,293.0,94.2
22/07/2020 14:04:40,Interval,11.16,92.49,168.1,0.69,13.08,284.0,289.0,116.0
22/07/2020 14:04:41,Interval,11.29,92.04,168.1,0.62,13.08,284.0,287.0,104.2
22/07/2020 14:04:42,Interval,11.05,92.78,168.2,0.63,13.08,284.0,282.0,106.0
22/07/2020 14:04:43,Interval,10.88,92.73,168.1,0.03,13.08,284.0,281.0,5.0
22/07/2020 14:04:44,Interval,11.86,104.36,177.5,1.35,13.08,284.0,282.0,239.6
22/07/2020 14:04:45,Interval,15.52,106.96,178.7,1.41,13.08,284.0,283.0,252.0
22/07/2020 14:04:46,Interval,14.41,106.21,178.5,1.47,13.08,284.0,286.0,262.4
22/07/2020 14:04:47,Interval,14.51,105.16,178.1,1.04,13.08,284.0,275.0,185.2
22/07/2020 14:04:48,Interval,14.66,104.37,178.1,0.78,13.08,284.0,279.0,138.9
22/07/2020 14:04:49,Interval,14.63,103.79,178.5,1.02,13.08,284.0,265.0,182.1
22/07/2020 14:04:50,Interval,14.10,104.21,179.1,1.14,13.08,284.0,274.0,204.2
22/07/2020 14:04:51,Interval,13.39,104.92,179.6,1.46,13.08,284.0,276.0,262.2
22/07/2020 14:04:52,Interval,13.46,105.24,178.6,1.07,13.08,284.0,282.0,191.1
22/07/2020 14:04:53,Interval,13.97,104.74,178.1,0.95,13.08,284.0,277.0,169.2
22/07/2020 14:04:54,Interval,14.43,105.19,178.6,1.18,13.08,284.0,272.0,210.7
22/07/2020 14:04:55,Interval,14.37,105.21,178.2,1.32,13.08,284.0,280.0,235.2
22/07/2020 14:04:56,Interval,14.55,104.87,178.1,1.23,13.08,284.0,276.0,219.1
22/07/2020 14:04:57,Interval,14.45,104.13,178.3,0.86,13.08,284.0,277.0,153.3
22/07/2020 14:04:58,Interval,13.19,103.08,178.9,0.98,13.08,284.0,275.0,175.3
22/07/2020 14:04:59,Interval,12.80,102.53,179.2,0.68,13.08,284.0,273.0,121.9
22/07/2020 14:05:00,Interval,12.91,103.63,178.4,1.24,13.08,284.0,277.0,221.2
22/07/2020 14:05:01,Interval,14.08,104.60,179.0,1.06,13.08,284.0,279.0,189.7
22/07/2020 14:05:02,Interval,14.21,105.44,177.8,1.05,13.08,284.0,276.0,186.7
22/07/2020 14:05:03,Interval,13.92,103.57,179.3,0.99,13.08,284.0,274.0,177.5
22/07/2020 14:05:04,Interval,13.21,102.69,178.7,0.69,13.08,284.0,275.0,123.3
22/07/2020 14:05:05,Interval,12.91,103.42,179.8,0.99,13.08,284.0,273.0,178.0
22/07/2020 14:05:06,Interval,13.17,103.45,179.0,0.84,13.08,284.0,270.0,150.4
22/07/2020 14:05:07,Interval,13.34,102.92,178.2,0.73,13.08,284.0,273.0,130.1
22/07/2020 14:05:08,Interval,12.86,101.84,179.6,0.60,13.08,284.0,271.0,107.8
22/07/2020 14:05:09,Interval,12.65,102.84,177.6,0.68,13.08,284.0,271.0,120.8
22/07/2020 14:05:10,Interval,12.79,102.56,179.2,0.56,13.08,284.0,270.0,100.4
22/07/2020 14:05:11,Interval,12.26,102.21,179.9,0.55,13.08,284.0,267.0,98.9
22/07/2020 14:05:12,Interval,12.44,102.61,178.7,0.50,13.08,284.0,269.0,89.4
22/07/2020 14:05:13,Interval,12.61,102.67,179.1,0.50,13.08,284.0,270.0,89.6
22/07/2020 14:05:14,Interval,12.61,102.08,179.8,0.74,13.08,284.0,271.0,133.1
22/07/2020 14:05:15,Interval,12.18,102.91,178.6,0.61,13.08,284.0,274.0,108.9
22/07/2020 14:05:16,Interval,11.47,102.31,178.8,0.45,13.08,284.0,270.0,80.5
22/07/2020 14:05:17,Interval,10.87,101.66,180.9,0.66,13.08,284.0,271.0,119.4
22/07/2020 14:05:18,Interval,10.98,101.75,179.2,0.58,13.08,284.0,267.0,103.9
22/07/2020 14:05:19,Interval,11.45,102.54,179.5,0.79,13.08,284.0,263.0,141.8
22/07/2020 14:05:20,Interval,12.13,102.90,179.1,0.74,13.08,284.0,258.0,132.5
22/07/2020 14:05:21,Interval,12.88,102.56,180.0,0.73,13.08,284.0,256.0,131.4
22/07/2020 14:05:22,Interval,12.83,101.89,178.7,0.68,13.08,284.0,260.0,121.5
22/07/2020 14:05:23,Interval,11.91,101.28,179.6,0.27,13.08,284.0,257.0,48.5
22/07/2020 14:05:24,Interval,11.92,102.03,179.7,0.28,13.08,284.0,264.0,50.3
22/07/2020 14:05:25,Interval,11.59,101.71,179.7,0.55,13.08,284.0,271.0,98.8
22/07/2020 14:05:26,Interval,11.67,102.29,179.7,0.67,13.08,284.0,269.0,120.4
22/07/2020 14:05:27,Interval,11.88,101.82,179.2,0.52,13.08,284.0,269.0,93.2
22/07/2020 14:05:28,Interval,12.07,102.24,180.0,0.71,13.08,284.0,268.0,127.8
22/07/2020 14:05:29,Interval,12.88,102.61,178.7,0.84,13.08,284.0,263.0,150.1
22/07/2020 14:05:30,Interval,13.26,102.91,179.1,0.67,13.08,284.0,262.0,120.0
22/07/2020 14:05:31,Interval,13.23,103.36,179.2,1.06,13.08,284.0,258.0,190.0
22/07/2020 14:05:32,Interval,13.34,103.51,178.6,0.99,13.08,284.0,254.0,176.8
22/07/2020 14:05:33,Interval,13.24,104.80,178.7,0.99,13.08,284.0,264.0,176.9
22/07/2020 14:05:34,Interval,12.60,103.93,178.6,0.85,13.08,284.0,261.0,151.8
22/07/2020 14:05:35,Interval,13.78,103.44,178.8,0.80,13.08,284.0,260.0,143.0
22/07/2020 14:05:36,Interval,13.32,103.00,178.4,0.57,13.08,284.0,261.0,101.7
22/07/2020 14:05:37,Interval,12.91,102.50,177.9,0.53,13.08,284.0,258.0,94.3
22/07/2020 14:05:38,Interval,12.45,102.69,179.0,0.66,13.08,284.0,266.0,118.1
22/07/2020 14:05:39,Interval,13.26,103.42,179.2,0.89,13.08,284.0,255.0,159.5
22/07/2020 14:05:40,Interval,13.12,104.64,179.9,0.96,13.08,284.0,263.0,172.7
22/07/2020 14:05:41,Interval,13.27,102.96,179.0,0.77,13.08,284.0,260.0,137.8
22/07/2020 14:05:42,Interval,12.40,103.37,179.9,1.06,13.08,284.0,264.0,190.7
22/07/2020 14:05:43,Interval,11.88,102.93,179.2,0.78,13.08,284.0,262.0,139.8
22/07/2020 14:05:44,Interval,11.99,102.81,179.7,0.74,13.08,284.0,263.0,133.0
22/07/2020 14:05:45,Interval,12.90,103.16,178.4,0.20,13.08,284.0,267.0,35.7
22/07/2020 14:05:46,Interval,13.88,109.67,192.0,0.79,13.08,284.0,269.0,151.7
22/07/2020 14:05:47,Interval,14.53,113.48,190.3,1.47,13.08,284.0,279.0,279.7
22/07/2020 14:05:48,Interval,13.02,114.22,189.5,0.94,13.08,284.0,278.0,178.1
22/07/2020 14:05:49,Interval,14.27,114.73,188.5,1.09,13.08,284.0,269.0,205.5
22/07/2020 14:05:50,Interval,14.17,114.89,189.7,1.54,13.08,284.0,275.0,292.1
22/07/2020 14:05:51,Interval,15.12,115.47,188.7,0.87,13.08,284.0,275.0,164.2
22/07/2020 14:05:52,Interval,14.60,114.43,189.0,1.23,13.08,284.0,276.0,232.5
22/07/2020 14:05:53,Interval,15.24,116.32,187.5,1.37,13.08,284.0,275.0,256.9
22/07/2020 14:05:54,Interval,15.95,114.96,189.2,1.41,13.08,284.0,285.0,266.8
22/07/2020 14:05:55,Interval,15.78,115.30,188.5,1.23,13.08,284.0,276.0,231.9
22/07/2020 14:05:56,Interval,15.15,114.86,188.7,1.17,13.08,284.0,282.0,220.8
22/07/2020 14:05:57,Interval,15.50,116.25,187.7,1.41,13.08,284.0,279.0,264.7
22/07/2020 14:05:58,Interval,15.85,115.83,189.0,1.69,13.08,284.0,275.0,319.4
22/07/2020 14:05:59,Interval,15.10,116.00,189.2,1.40,13.08,284.0,276.0,264.9
22/07/2020 14:06:00,Interval,15.41,115.54,189.7,1.62,13.08,284.0,277.0,307.3
22/07/2020 14:06:01,Interval,15.54,115.71,189.8,1.59,13.08,284.0,281.0,301.8
22/07/2020 14:06:02,Interval,15.21,115.57,189.1,1.53,13.08,284.0,275.0,289.3
22/07/2020 14:06:03,Interval,15.03,116.57,189.0,1.65,13.08,284.0,273.0,311.9
22/07/2020 14:06:04,Interval,15.73,115.21,188.4,1.40,13.08,284.0,273.0,263.8
22/07/2020 14:06:05,Interval,15.76,115.27,188.5,1.42,13.08,284.0,276.0,267.7
22/07/2020 14:06:06,Interval,15.04,114.75,189.3,1.27,13.08,284.0,276.0,240.4
22/07/2020 14:06:07,Interval,15.04,116.29,188.1,1.36,13.08,284.0,280.0,255.8
22/07/2020 14:06:08,Interval,14.53,115.39,189.4,1.30,13.08,284.0,276.0,246.2
22/07/2020 14:06:09,Interval,14.70,114.51,189.5,1.25,13.08,284.0,280.0,236.9
22/07/2020 14:06:10,Interval,15.10,114.54,189.0,1.09,13.08,284.0,282.0,206.0
22/07/2020 14:06:11,Interval,15.08,115.43,188.4,1.46,13.08,284.0,283.0,275.1
22/07/2020 14:06:12,Interval,15.51,114.99,188.5,1.48,13.08,284.0,283.0,279.0
22/07/2020 14:06:13,Interval,15.82,115.75,188.3,1.41,13.08,284.0,280.0,265.5
22/07/2020 14:06:14,Interval,15.50,114.76,188.9,1.22,13.08,284.0,279.0,230.5
22/07/2020 14:06:15,Interval,14.74,114.41,189.2,1.12,13.08,284.0,279.0,211.9
22/07/2020 14:06:16,Interval,14.81,114.01,189.9,1.07,13.08,284.0,278.0,203.2
22/07/2020 14:06:17,Interval,14.26,113.56,190.2,0.78,13.08,284.0,280.0,148.4
22/07/2020 14:06:18,Interval,14.21,113.83,190.6,1.20,13.08,284.0,277.0,228.7
22/07/2020 14:06:19,Interval,13.79,113.78,190.2,1.03,13.08,284.0,287.0,195.9
22/07/2020 14:06:20,Interval,13.72,113.32,189.2,0.92,13.08,284.0,283.0,174.1
22/07/2020 14:06:21,Interval,13.53,113.83,189.8,1.12,13.08,284.0,283.0,212.6
22/07/2020 14:06:22,Interval,13.91,113.77,189.8,1.00,13.08,284.0,283.0,189.8
22/07/2020 14:06:23,Interval,13.68,113.90,189.8,1.03,13.08,284.0,280.0,195.5
22/07/2020 14:06:24,Interval,13.88,113.22,191.2,1.10,13.08,284.0,278.0,210.3
22/07/2020 14:06:25,Interval,12.95,112.73,190.6,0.73,13.08,284.0,274.0,139.1
22/07/2020 14:06:26,Interval,12.71,112.18,191.3,0.85,13.08,284.0,270.0,162.6
22/07/2020 14:06:27,Interval,12.01,111.74,190.3,0.59,13.08,284.0,280.0,112.3
22/07/2020 14:06:28,Interval,12.66,111.55,190.5,0.36,13.08,284.0,274.0,68.6
22/07/2020 14:06:29,Interval,12.08,112.19,190.9,0.78,13.08,284.0,281.0,148.9
22/07/2020 14:06:30,Interval,11.47,112.31,191.9,0.61,13.08,284.0,281.0,117.1
22/07/2020 14:06:31,Interval,10.61,111.64,190.7,0.29,13.08,284.0,288.0,55.3
22/07/2020 14:06:32,Interval,10.35,112.08,190.3,0.40,13.09,284.0,289.0,76.1
22/07/2020 14:06:33,Interval,10.92,111.65,191.4,0.55,13.08,284.0,288.0,105.3
22/07/2020 14:06:34,Interval,10.43,111.65,191.8,0.49,13.09,284.0,288.0,94.0
22/07/2020 14:06:35,Interval,10.16,111.78,191.0,0.49,13.08,284.0,285.0,93.6
22/07/2020 14:06:36,Interval,9.80,110.84,193.6,0.60,13.08,284.0,275.0,116.2
22/07/2020 14:06:37,Interval,9.43,111.11,191.8,0.51,13.08,284.0,278.0,97.8
22/07/2020 14:06:38,Interval,9.34,111.70,192.7,0.44,13.08,284.0,263.0,84.8
22/07/2020 14:06:39,Interval,9.39,111.32,190.2,0.41,13.08,284.0,266.0,78.0
22/07/2020 14:06:40,Interval,8.92,111.25,190.7,0.35,13.08,284.0,275.0,66.7
22/07/2020 14:06:41,Interval,8.53,111.11,192.5,0.30,13.08,284.0,272.0,57.8
22/07/2020 14:06:42,Interval,7.73,110.64,191.9,0.24,13.08,284.0,274.0,46.1
22/07/2020 14:06:43,Interval,8.23,111.34,190.8,0.49,13.08,284.0,270.0,93.5
22/07/2020 14:06:44,Interval,8.23,112.37,190.6,0.94,13.08,284.0,275.0,179.2
22/07/2020 14:06:45,Interval,7.99,111.96,191.8,0.86,13.08,284.0,279.0,164.9
22/07/2020 14:06:46,Interval,7.91,112.80,189.4,0.95,13.08,284.0,269.0,179.9
22/07/2020 14:06:47,Interval,8.56,113.42,190.2,1.12,13.08,284.0,273.0,213.0
22/07/2020 14:06:48,Interval,10.66,113.03,190.1,0.74,13.08,284.0,270.0,140.7
22/07/2020 14:06:49,Interval,11.41,112.43,191.1,0.92,13.08,284.0,274.0,175.8
22/07/2020 14:06:50,Interval,12.75,113.02,189.2,0.72,13.08,284.0,271.0,136.2
22/07/2020 14:06:51,Interval,12.98,113.76,190.4,1.11,13.08,284.0,270.0,211.3
22/07/2020 14:06:52,Interval,12.99,122.09,200.3,1.08,13.08,284.0,273.0,216.3
22/07/2020 14:06:53,Interval,14.22,123.65,198.9,0.80,13.08,284.0,278.0,159.1
22/07/2020 14:06:54,Interval,14.48,124.36,200.0,1.29,13.08,284.0,275.0,258.0
22/07/2020 14:06:55,Interval,14.13,124.33,200.0,1.33,13.08,284.0,272.0,266.0
22/07/2020 14:06:56,Interval,13.62,123.32,200.0,0.92,13.08,284.0,276.0,184.0
22/07/2020 14:06:57,Interval,13.67,123.73,200.1,1.40,13.08,284.0,276.0,280.1
22/07/2020 14:06:58,Interval,14.02,123.15,200.5,1.36,13.08,284.0,285.0,272.7
22/07/2020 14:06:59,Interval,13.71,123.90,201.1,0.93,13.08,284.0,282.0,187.0
22/07/2020 14:07:00,Interval,13.26,122.86,200.2,0.65,13.08,284.0,278.0,130.1
22/07/2020 14:07:01,Interval,13.22,122.71,200.8,0.79,13.08,284.0,278.0,158.6
22/07/2020 14:07:02,Interval,12.74,123.15,200.0,0.85,13.09,284.0,280.0,170.0
22/07/2020 14:07:03,Interval,12.43,122.97,200.3,0.72,13.08,284.0,280.0,144.2
22/07/2020 14:07:04,Interval,11.74,122.72,201.7,0.77,13.09,284.0,290.0,155.3
22/07/2020 14:07:05,Interval,11.57,123.08,200.1,0.81,13.08,284.0,289.0,162.1
22/07/2020 14:07:06,Interval,11.31,122.36,200.8,0.92,13.08,284.0,285.0,184.7
22/07/2020 14:07:07,Interval,11.36,122.84,201.1,0.86,13.08,284.0,289.0,172.9
22/07/2020 14:07:08,Interval,10.76,122.82,201.9,1.20,13.09,284.0,304.0,242.3
22/07/2020 14:07:09,Interval,10.23,122.84,200.1,1.03,13.08,284.0,301.0,206.1
22/07/2020 14:07:10,Interval,10.57,123.48,199.5,1.06,13.09,284.0,290.0,211.5
22/07/2020 14:07:11,Interval,10.92,123.38,201.7,1.25,13.09,284.0,288.0,252.1
22/07/2020 14:07:12,Interval,10.58,123.17,200.7,1.07,13.09,284.0,285.0,214.7
22/07/2020 14:07:13,Interval,10.84,122.42,201.2,0.66,13.09,284.0,281.0,132.8
22/07/2020 14:07:14,Interval,11.24,123.41,200.2,0.90,13.09,284.0,279.0,180.2
22/07/2020 14:07:15,Interval,12.49,123.20,200.5,0.85,13.09,284.0,279.0,170.4
22/07/2020 14:07:16,Interval,12.32,122.95,200.9,0.68,13.09,284.0,280.0,136.6
22/07/2020 14:07:17,Interval,11.59,122.58,201.9,0.73,13.09,284.0,283.0,147.4
22/07/2020 14:07:18,Interval,12.48,122.16,200.7,0.65,13.09,284.0,282.0,130.5
22/07/2020 14:07:19,Interval,12.16,121.57,202.9,0.74,13.08,284.0,282.0,150.1
22/07/2020 14:07:20,Interval,12.09,124.93,199.2,0.92,13.09,284.0,292.0,183.3
22/07/2020 14:07:21,Interval,11.88,123.43,200.8,0.85,13.08,284.0,281.0,170.7
22/07/2020 14:07:22,Interval,12.24,122.32,202.1,0.99,13.09,284.0,284.0,200.1
22/07/2020 14:07:23,Interval,11.53,122.66,201.9,0.66,13.09,284.0,284.0,133.3
22/07/2020 14:07:24,Interval,11.58,122.16,200.6,0.68,13.09,284.0,279.0,136.4
22/07/2020 14:07:25,Interval,11.36,121.86,200.6,0.53,13.09,284.0,283.0,106.3
22/07/2020 14:07:26,Interval,11.08,122.92,200.8,0.94,13.09,284.0,280.0,188.8
22/07/2020 14:07:27,Interval,10.61,122.66,201.8,0.73,13.09,284.0,279.0,147.3
22/07/2020 14:07:28,Interval,10.04,122.82,201.7,1.13,13.09,284.0,280.0,227.9
22/07/2020 14:07:29,Interval,10.06,122.40,203.3,0.83,13.09,284.0,277.0,168.7
22/07/2020 14:07:30,Interval,9.74,122.09,201.2,0.73,13.08,284.0,276.0,146.9
22/07/2020 14:07:31,Interval,9.48,122.18,202.1,0.58,13.08,284.0,276.0,117.2
22/07/2020 14:07:32,Interval,8.99,122.78,201.9,1.00,13.09,284.0,280.0,201.9
22/07/2020 14:07:33,Interval,8.80,122.50,200.4,0.39,13.08,284.0,274.0,78.2
22/07/2020 14:07:34,Interval,9.08,122.37,202.1,0.40,13.09,284.0,280.0,80.8
22/07/2020 14:07:35,Interval,8.74,121.51,201.7,0.25,13.08,284.0,276.0,50.4
22/07/2020 14:07:36,Interval,8.93,121.05,200.9,0.30,13.09,284.0,279.0,60.3
22/07/2020 14:07:37,Interval,8.74,120.72,202.4,0.03,13.09,284.0,273.0,6.1
22/07/2020 14:07:38,Interval,8.23,120.74,203.5,0.43,13.09,284.0,270.0,87.5
22/07/2020 14:07:39,Interval,7.86,120.63,203.4,0.16,13.08,284.0,275.0,32.5
22/07/2020 14:07:40,Interval,9.12,121.46,201.2,0.52,13.09,284.0,280.0,104.6
22/07/2020 14:07:41,Interval,9.61,122.31,200.5,0.60,13.09,284.0,274.0,120.3
22/07/2020 14:07:42,Interval,10.05,123.21,202.1,0.66,13.09,284.0,281.0,133.4
22/07/2020 14:07:43,Interval,9.58,122.22,201.7,0.82,13.09,284.0,258.0,165.4
22/07/2020 14:07:44,Interval,9.18,122.19,201.8,0.47,13.09,284.0,269.0,94.8
22/07/2020 14:07:45,Interval,8.75,122.49,201.4,0.94,13.09,284.0,275.0,189.3
22/07/2020 14:07:46,Interval,8.13,123.03,201.2,0.96,13.09,284.0,300.0,193.2
22/07/2020 14:07:47,Interval,9.56,123.66,200.3,1.00,13.09,284.0,295.0,200.3
22/07/2020 14:07:48,Interval,12.13,123.21,200.4,0.86,13.09,284.0,277.0,172.3
22/07/2020 14:07:49,Interval,12.17,121.94,200.8,0.65,13.09,284.0,286.0,130.5
22/07/2020 14:07:50,Interval,11.01,121.76,201.5,0.65,13.09,284.0,286.0,131.0
22/07/2020 14:07:51,Interval,10.17,121.58,202.0,0.55,13.09,284.0,300.0,111.1
22/07/2020 14:07:52,Interval,10.58,121.10,202.9,0.58,13.09,284.0,278.0,117.7
22/07/2020 14:07:53,Interval,11.53,121.01,202.2,0.33,13.09,284.0,280.0,66.7
22/07/2020 14:07:54,Interval,11.18,121.47,202.4,0.52,13.09,284.0,287.0,105.2
22/07/2020 14:07:55,Interval,10.56,121.22,202.5,0.46,13.09,284.0,287.0,93.2
22/07/2020 14:07:56,Interval,10.13,123.50,213.5,0.03,13.09,284.0,283.0,6.4
22/07/2020 14:07:57,Interval,10.28,130.78,216.0,0.56,13.09,284.0,285.0,121.0
22/07/2020 14:07:58,Interval,9.92,131.12,215.8,0.46,13.09,284.0,299.0,99.3
22/07/2020 14:07:59,Interval,9.82,130.84,215.0,0.69,13.09,284.0,290.0,148.4
22/07/2020 14:08:00,Interval,9.16,131.87,212.6,0.27,13.09,284.0,289.0,57.4
22/07/2020 14:08:01,Interval,9.57,131.85,213.4,0.75,13.08,284.0,288.0,160.1
22/07/2020 14:08:02,Interval,9.47,131.78,214.7,0.62,13.08,284.0,289.0,133.1
22/07/2020 14:08:03,Interval,10.15,131.07,211.9,0.06,13.08,284.0,292.0,12.7
22/07/2020 14:08:04,Interval,9.52,130.67,213.4,0.04,13.09,284.0,294.0,8.5
22/07/2020 14:08:05,Interval,8.70,130.49,216.2,0.27,13.08,284.0,299.0,58.4
22/07/2020 14:08:06,Interval,8.31,130.94,212.2,0.15,13.09,284.0,299.0,31.8
22/07/2020 14:08:07,Interval,8.48,130.57,214.2,0.27,13.08,284.0,299.0,57.8
22/07/2020 14:08:08,Interval,8.91,130.65,214.7,0.27,13.08,284.0,301.0,58.0
22/07/2020 14:08:09,Interval,8.59,131.26,213.0,0.35,13.08,284.0,299.0,74.6
22/07/2020 14:08:10,Interval,9.03,130.85,212.7,0.62,13.08,284.0,302.0,131.9
22/07/2020 14:08:11,Interval,9.40,131.22,213.9,0.61,13.08,284.0,297.0,130.5
22/07/2020 14:08:12,Interval,9.90,131.30,213.9,0.42,13.08,284.0,293.0,89.8
22/07/2020 14:08:13,Interval,10.09,130.80,214.4,0.56,13.08,284.0,292.0,120.1
22/07/2020 14:08:14,Interval,10.56,132.03,211.4,0.33,13.09,284.0,286.0,69.8
22/07/2020 14:08:15,Interval,9.34,130.72,215.1,0.42,13.08,284.0,284.0,90.3
22/07/2020 14:08:16,Interval,8.92,130.34,216.6,0.04,13.09,284.0,293.0,8.7
22/07/2020 14:08:17,Interval,9.49,130.18,215.4,0.04,13.09,284.0,295.0,8.6
22/07/2020 14:08:18,Interval,9.46,130.87,213.1,0.34,13.09,284.0,298.0,72.5
22/07/2020 14:08:19,Interval,8.75,132.16,218.4,0.70,13.08,284.0,284.0,152.9
22/07/2020 14:08:20,Interval,10.04,131.59,213.4,0.16,13.09,284.0,283.0,34.1
22/07/2020 14:08:21,Interval,10.34,131.75,212.2,0.87,13.09,284.0,287.0,184.6
22/07/2020 14:08:22,Interval,10.59,133.26,213.4,0.42,13.09,284.0,281.0,89.6
22/07/2020 14:08:23,Interval,10.75,132.51,210.9,0.71,13.08,284.0,282.0,149.7
22/07/2020 14:08:24,Interval,10.95,132.69,211.5,0.99,13.09,284.0,284.0,209.4
22/07/2020 14:08:25,Interval,10.58,131.22,212.9,0.64,13.09,284.0,277.0,136.3
22/07/2020 14:08:26,Interval,12.12,131.96,214.0,0.75,13.09,284.0,275.0,160.5
22/07/2020 14:08:27,Interval,11.78,132.61,210.6,0.57,13.09,284.0,285.0,120.0
22/07/2020 14:08:28,Interval,11.11,132.84,210.6,0.93,13.09,284.0,288.0,195.9
22/07/2020 14:08:29,Interval,12.19,134.01,209.4,1.08,13.09,284.0,285.0,226.2
22/07/2020 14:08:30,Interval,12.31,134.42,209.3,1.60,13.09,284.0,275.0,334.9
22/07/2020 14:08:31,Interval,12.17,135.31,209.4,1.09,13.09,284.0,280.0,228.2
22/07/2020 14:08:32,Interval,13.11,134.51,210.0,1.24,13.09,284.0,280.0,260.4
22/07/2020 14:08:33,Interval,13.01,134.21,211.7,1.87,13.09,284.0,276.0,395.9
22/07/2020 14:08:34,Interval,12.54,134.47,211.6,2.21,13.09,284.0,272.0,467.6
22/07/2020 14:08:35,Interval,12.05,135.33,207.5,1.08,13.09,284.0,280.0,224.1
22/07/2020 14:08:36,Interval,12.35,135.06,209.5,1.56,13.09,284.0,277.0,326.8
22/07/2020 14:08:37,Interval,12.72,134.93,209.2,1.54,13.09,284.0,277.0,322.2
22/07/2020 14:08:38,Interval,12.84,135.21,209.3,1.55,13.09,284.0,278.0,324.4
22/07/2020 14:08:39,Interval,13.31,135.90,208.8,1.79,13.09,284.0,279.0,373.8
22/07/2020 14:08:40,Interval,13.49,134.42,211.7,1.50,13.09,284.0,280.0,317.6
22/07/2020 14:08:41,Interval,12.84,133.45,211.2,1.29,13.09,284.0,275.0,272.4
22/07/2020 14:08:42,Interval,13.74,132.53,211.8,1.27,13.09,284.0,282.0,269.0
22/07/2020 14:08:43,Interval,14.56,135.48,210.1,1.98,13.09,284.0,285.0,416.0
22/07/2020 14:08:44,Interval,14.25,138.03,208.9,2.53,13.09,284.0,283.0,528.5
22/07/2020 14:08:45,Interval,15.00,138.76,206.1,2.37,13.09,284.0,285.0,488.5
22/07/2020 14:08:46,Interval,15.01,137.33,209.6,1.57,13.09,284.0,282.0,329.1
22/07/2020 14:08:47,Interval,13.76,134.21,210.6,1.10,13.09,284.0,291.0,231.7
22/07/2020 14:08:48,Interval,12.99,133.96,210.9,1.42,13.09,284.0,287.0,299.5
22/07/2020 14:08:49,Interval,13.13,133.97,210.5,0.97,13.09,284.0,286.0,204.2
22/07/2020 14:08:50,Interval,12.24,132.95,211.4,1.40,13.09,284.0,285.0,296.0
22/07/2020 14:08:51,Interval,11.83,132.88,211.8,0.89,13.09,284.0,285.0,188.5
22/07/2020 14:08:52,Interval,12.10,134.56,209.8,1.35,13.09,284.0,282.0,283.2
22/07/2020 14:08:53,Interval,12.00,135.22,210.0,1.68,13.09,284.0,276.0,352.8
22/07/2020 14:08:54,Interval,11.64,133.66,210.9,1.54,13.09,284.0,275.0,324.8
22/07/2020 14:08:55,Interval,11.49,134.31,210.5,1.56,13.09,284.0,278.0,328.4
22/07/2020 14:08:56,Interval,13.91,135.39,207.8,1.69,13.09,284.0,272.0,351.2
22/07/2020 14:08:57,Interval,13.91,137.47,208.3,1.92,13.09,284.0,285.0,399.9
22/07/2020 14:08:58,Interval,13.52,134.48,208.9,0.03,13.09,284.0,275.0,6.3
22/07/2020 14:08:59,Interval,11.72,142.71,223.6,1.82,13.09,284.0,272.0,407.0
22/07/2020 14:09:00,Interval,11.04,143.72,222.6,1.43,13.09,284.0,277.0,318.3
22/07/2020 14:09:01,Interval,11.46,144.23,220.5,1.51,13.09,284.0,269.0,333.0
22/07/2020 14:09:02,Interval,12.53,143.73,222.3,1.42,13.09,284.0,277.0,315.7
22/07/2020 14:09:03,Interval,12.41,143.58,220.0,0.76,13.09,284.0,275.0,167.2
22/07/2020 14:09:04,Interval,12.31,143.45,222.3,1.29,13.09,284.0,277.0,286.8
22/07/2020 14:09:05,Interval,12.00,143.20,223.5,1.74,13.09,284.0,278.0,388.9
22/07/2020 14:09:06,Interval,12.03,144.49,221.0,1.15,13.09,284.0,284.0,254.2
22/07/2020 14:09:07,Interval,13.08,143.76,221.5,1.73,13.09,284.0,281.0,383.2
22/07/2020 14:09:08,Interval,12.29,143.44,221.5,1.30,13.09,284.0,278.0,288.0
22/07/2020 14:09:09,Interval,11.96,142.88,222.2,1.29,13.05,284.0,281.0,286.6
22/07/2020 14:09:10,Interval,12.33,142.19,224.6,0.84,13.09,284.0,279.0,188.7
22/07/2020 14:09:11,Interval,13.27,142.69,222.2,0.75,13.09,284.0,286.0,166.7
22/07/2020 14:09:12,Interval,12.10,145.10,219.4,2.04,13.09,284.0,285.0,447.6
22/07/2020 14:09:13,Interval,13.01,144.20,220.0,0.61,13.09,284.0,270.0,134.2
22/07/2020 14:09:14,Interval,13.13,143.96,222.1,1.15,13.09,284.0,277.0,255.4
22/07/2020 14:09:15,Interval,12.77,143.85,222.5,1.06,13.09,284.0,284.0,235.9
22/07/2020 14:09:16,Interval,12.43,143.53,223.2,0.84,13.09,284.0,286.0,187.5
22/07/2020 14:09:17,Interval,12.22,143.44,220.9,0.37,13.09,284.0,283.0,81.7
22/07/2020 14:09:18,Interval,12.18,143.54,221.8,1.58,13.09,284.0,283.0,350.4
22/07/2020 14:09:19,Interval,11.87,143.78,221.6,1.13,13.09,284.0,275.0,250.4
22/07/2020 14:09:20,Interval,12.67,142.98,222.3,1.14,13.09,284.0,268.0,253.4
22/07/2020 14:09:21,Interval,12.50,142.70,222.0,0.72,13.09,284.0,270.0,159.8
22/07/2020 14:09:22,Interval,11.71,142.42,223.3,0.46,13.09,284.0,287.0,102.7
22/07/2020 14:09:23,Interval,11.20,142.20,225.3,0.90,13.09,284.0,284.0,202.8
22/07/2020 14:09:24,Interval,10.37,142.54,223.4,1.14,13.09,284.0,287.0,254.7
22/07/2020 14:09:25,Interval,10.28,142.43,224.4,1.33,13.09,284.0,288.0,298.5
22/07/2020 14:09:26,Interval,10.46,141.80,222.6,0.91,13.09,284.0,283.0,202.6
22/07/2020 14:09:27,Interval,11.18,142.78,222.4,0.75,13.09,284.0,288.0,166.8
22/07/2020 14:09:28,Interval,11.23,142.24,223.7,1.42,13.09,284.0,277.0,317.7
22/07/2020 14:09:29,Interval,11.17,142.81,224.4,0.98,13.09,284.0,282.0,219.9
22/07/2020 14:09:30,Interval,11.08,142.08,224.9,0.22,13.09,284.0,284.0,49.5
22/07/2020 14:09:31,Interval,10.78,142.22,223.2,0.52,13.09,284.0,288.0,116.1
22/07/2020 14:09:32,Interval,10.26,142.42,224.6,0.54,13.09,284.0,284.0,121.3
22/07/2020 14:09:33,Interval,9.85,141.57,225.2,0.83,13.09,284.0,284.0,186.9
22/07/2020 14:09:34,Interval,9.56,140.81,225.3,0.02,13.09,284.0,276.0,4.5
22/07/2020 14:09:35,Interval,9.90,142.27,223.7,0.81,13.09,284.0,277.0,181.2
22/07/2020 14:09:36,Interval,10.56,142.67,221.7,0.60,13.09,284.0,297.0,133.0
22/07/2020 14:09:37,Interval,12.08,144.95,218.9,1.60,13.09,284.0,297.0,350.2
22/07/2020 14:09:38,Interval,12.79,145.37,221.1,2.04,13.09,284.0,287.0,451.0
22/07/2020 14:09:39,Interval,12.89,147.20,219.5,2.25,13.09,284.0,274.0,493.9
22/07/2020 14:09:40,Interval,11.43,145.51,217.8,0.95,13.09,284.0,275.0,206.9
22/07/2020 14:09:41,Interval,12.63,143.78,220.0,0.61,13.09,284.0,267.0,134.2
22/07/2020 14:09:42,Interval,13.52,145.04,222.6,1.81,13.09,284.0,280.0,402.9
22/07/2020 14:09:43,Interval,13.08,143.80,221.7,1.15,13.09,284.0,282.0,255.0
22/07/2020 14:09:44,Interval,12.40,142.35,222.0,1.27,13.09,284.0,279.0,281.9
22/07/2020 14:09:45,Interval,11.37,143.51,223.0,1.37,13.09,284.0,269.0,305.5
22/07/2020 14:09:46,Interval,11.41,142.08,223.5,0.82,13.09,284.0,286.0,183.3
22/07/2020 14:09:47,Interval,10.81,142.08,221.7,0.39,13.09,284.0,289.0,86.5
22/07/2020 14:09:48,Interval,10.93,141.78,223.3,0.37,13.09,284.0,283.0,82.6
22/07/2020 14:09:49,Interval,9.75,141.67,226.4,0.42,13.09,284.0,282.0,95.1
22/07/2020 14:09:50,Interval,10.13,141.88,224.2,0.75,13.09,284.0,294.0,168.2
22/07/2020 14:09:51,Interval,11.00,141.92,222.4,0.82,13.09,284.0,285.0,182.4
22/07/2020 14:09:52,Interval,10.20,142.25,230.8,1.51,13.09,284.0,284.0,348.5
22/07/2020 14:09:53,Interval,11.19,142.81,223.4,1.59,13.09,284.0,286.0,355.2
22/07/2020 14:09:54,Interval,12.35,144.00,221.0,1.34,13.09,284.0,278.0,296.1
22/07/2020 14:09:55,Interval,12.32,143.44,223.8,1.36,13.09,284.0,282.0,304.4
22/07/2020 14:09:56,Interval,11.84,143.32,222.1,1.76,13.09,284.0,285.0,390.9
22/07/2020 14:09:57,Interval,12.04,144.30,220.3,1.46,13.09,284.0,284.0,321.6
22/07/2020 14:09:58,Interval,12.42,143.79,220.6,1.48,13.09,284.0,286.0,326.5
22/07/2020 14:09:59,Interval,12.61,145.12,219.7,1.98,13.09,284.0,282.0,435.0
22/07/2020 14:10:00,Interval,13.44,145.79,220.2,2.10,13.09,284.0,285.0,462.4
22/07/2020 14:10:01,Interval,13.64,147.18,239.3,1.45,13.09,284.0,291.0,347.0
22/07/2020 14:10:02,Interval,13.84,155.57,231.7,2.12,13.09,284.0,293.0,491.2
22/07/2020 14:10:03,Interval,14.05,157.02,231.1,2.43,13.09,284.0,278.0,561.6
22/07/2020 14:10:04,Interval,13.11,155.32,231.8,1.79,13.09,284.0,294.0,414.9
22/07/2020 14:10:05,Interval,12.59,155.06,231.4,1.69,13.09,284.0,297.0,391.1
22/07/2020 14:10:06,Interval,13.34,154.11,229.5,0.74,13.09,284.0,288.0,169.8
22/07/2020 14:10:07,Interval,13.49,154.70,230.1,2.13,13.09,284.0,292.0,490.1
22/07/2020 14:10:08,Interval,13.37,155.10,228.7,1.09,13.09,284.0,293.0,249.3
22/07/2020 14:10:09,Interval,12.74,153.57,234.0,1.61,13.09,284.0,286.0,376.7
22/07/2020 14:10:10,Interval,12.57,152.79,234.4,1.12,13.09,284.0,300.0,262.5
22/07/2020 14:10:11,Interval,12.00,152.80,233.8,0.73,13.09,284.0,284.0,170.7
22/07/2020 14:10:12,Interval,12.52,153.59,234.0,1.29,13.09,284.0,275.0,301.9
22/07/2020 14:10:13,Interval,12.85,153.93,232.2,1.63,13.09,284.0,275.0,378.5
22/07/2020 14:10:14,Interval,13.21,156.61,228.6,2.45,13.08,284.0,273.0,560.1
22/07/2020 14:10:15,Interval,14.10,154.33,230.6,0.75,13.09,284.0,283.0,173.0
22/07/2020 14:10:16,Interval,12.70,153.91,235.3,1.38,13.09,284.0,290.0,324.7
22/07/2020 14:10:17,Interval,12.03,153.80,232.4,1.31,13.09,284.0,282.0,304.4
22/07/2020 14:10:18,Interval,12.76,153.22,233.6,1.14,13.09,284.0,275.0,266.3
22/07/2020 14:10:19,Interval,12.42,152.92,233.3,0.65,13.09,284.0,278.0,151.6
22/07/2020 14:10:20,Interval,11.80,153.28,233.5,1.13,13.09,284.0,284.0,263.9
22/07/2020 14:10:21,Interval,11.79,152.72,234.0,1.39,13.09,284.0,281.0,325.3
22/07/2020 14:10:22,Interval,11.36,154.02,231.8,1.52,13.09,284.0,271.0,352.3
22/07/2020 14:10:23,Interval,11.20,153.34,231.2,1.13,13.09,284.0,278.0,261.3
22/07/2020 14:10:24,Interval,10.91,153.97,233.9,1.77,13.09,284.0,267.0,414.0
22/07/2020 14:10:25,Interval,11.42,156.80,230.4,1.56,13.09,284.0,269.0,359.4
22/07/2020 14:10:26,Interval,12.78,155.73,230.3,2.56,13.09,284.0,271.0,589.6
22/07/2020 14:10:27,Interval,12.24,155.26,230.3,1.93,13.09,284.0,278.0,444.5
22/07/2020 14:10:28,Interval,13.42,155.87,229.3,1.93,13.09,284.0,272.0,442.5
22/07/2020 14:10:29,Interval,13.68,155.13,231.2,1.96,13.09,284.0,266.0,453.2
22/07/2020 14:10:30,Interval,14.26,157.87,225.5,2.37,13.09,284.0,280.0,534.4
22/07/2020 14:10:31,Interval,14.52,155.23,230.4,1.42,13.09,284.0,289.0,327.2
22/07/2020 14:10:32,Interval,13.22,153.39,233.9,1.77,13.09,284.0,275.0,414.0
22/07/2020 14:10:33,Interval,13.53,155.36,231.0,3.33,13.09,284.0,275.0,769.2
22/07/2020 14:10:34,Interval,14.89,158.37,229.2,2.97,13.09,284.0,264.0,680.7
22/07/2020 14:10:35,Interval,14.98,157.05,228.1,2.53,13.09,284.0,264.0,577.1
22/07/2020 14:10:36,Interval,15.63,157.44,228.0,2.72,13.09,284.0,276.0,620.2
22/07/2020 14:10:37,Interval,15.08,157.67,226.8,2.33,13.09,284.0,266.0,528.4
22/07/2020 14:10:38,Interval,15.16,155.94,230.7,3.13,13.09,284.0,274.0,722.1
22/07/2020 14:10:39,Interval,15.13,156.21,228.2,2.32,13.09,284.0,271.0,529.4
22/07/2020 14:10:40,Interval,15.69,157.39,227.3,2.88,13.09,284.0,268.0,654.6
22/07/2020 14:10:41,Interval,15.78,155.74,231.0,3.61,13.09,284.0,275.0,833.9
22/07/2020 14:10:42,Interval,16.11,160.13,229.2,3.18,13.09,284.0,270.0,728.9
22/07/2020 14:10:43,Interval,15.40,161.93,226.2,4.52,13.09,284.0,263.0,1022.4
22/07/2020 14:10:44,Interval,16.35,160.24,225.5,3.06,13.09,284.0,275.0,690.0
22/07/2020 14:10:45,Interval,17.77,157.93,228.4,2.34,13.09,284.0,302.0,534.5
22/07/2020 14:10:46,Interval,16.86,158.32,228.9,2.34,13.09,284.0,287.0,535.6
22/07/2020 14:10:47,Interval,14.11,155.99,229.7,2.58,13.09,284.0,283.0,592.6
22/07/2020 14:10:48,Interval,14.05,157.58,228.6,2.04,13.09,284.0,291.0,466.3
22/07/2020 14:10:49,Interval,15.01,155.89,226.9,1.31,13.09,284.0,277.0,297.2
22/07/2020 14:10:50,Interval,14.45,155.68,228.4,1.70,13.09,284.0,280.0,388.3
22/07/2020 14:10:51,Interval,13.98,156.71,228.4,1.70,13.09,284.0,279.0,388.3
22/07/2020 14:10:52,Interval,13.98,156.23,233.0,2.68,13.09,284.0,283.0,624.4
22/07/2020 14:10:53,Interval,13.69,156.09,232.3,2.24,13.09,284.0,287.0,520.4
22/07/2020 14:10:54,Interval,14.20,157.64,217.2,0.75,13.09,284.0,277.0,162.9
22/07/2020 14:10:55,Interval,14.25,159.15,224.7,2.79,13.09,284.0,277.0,626.9
22/07/2020 14:10:56,Interval,13.86,160.84,225.4,3.14,13.09,284.0,288.0,707.8
22/07/2020 14:10:57,Interval,15.93,162.90,222.1,4.23,13.09,284.0,278.0,939.5
22/07/2020 14:10:58,Interval,17.38,162.15,226.6,4.75,13.09,284.0,289.0,1076.4
22/07/2020 14:10:59,Interval,17.42,162.29,222.7,2.77,13.09,284.0,282.0,616.9
22/07/2020 14:11:00,Interval,16.46,160.69,226.7,3.22,13.09,284.0,291.0,730.0
22/07/2020 14:11:01,Interval,16.00,157.08,230.1,3.54,13.09,284.0,273.0,814.6
22/07/2020 14:11:02,Interval,14.22,159.21,225.7,2.74,13.09,284.0,286.0,618.4
22/07/2020 14:11:03,Interval,15.76,159.63,242.4,2.12,13.09,284.0,290.0,513.9
22/07/2020 14:11:04,Interval,13.92,167.82,235.3,2.14,13.09,284.0,289.0,503.5
22/07/2020 14:11:05,Interval,14.11,167.47,241.5,1.91,13.09,284.0,281.0,461.3
22/07/2020 14:11:06,Interval,14.25,166.10,240.1,1.55,13.09,284.0,289.0,372.2
22/07/2020 14:11:07,Interval,14.92,167.70,238.7,2.17,13.09,284.0,278.0,518.0
22/07/2020 14:11:08,Interval,17.57,170.55,232.6,3.80,13.09,284.0,274.0,883.9
22/07/2020 14:11:09,Interval,17.99,172.91,233.0,4.60,13.09,284.0,269.0,1071.8
22/07/2020 14:11:10,Interval,17.64,172.29,234.3,3.42,13.09,284.0,285.0,801.3
22/07/2020 14:11:11,Interval,16.61,168.05,241.7,4.05,13.09,284.0,278.0,978.9
22/07/2020 14:11:12,Interval,15.98,168.93,237.6,3.85,13.09,284.0,280.0,914.8
22/07/2020 14:11:13,Interval,16.16,170.22,234.6,2.70,13.09,284.0,278.0,633.4
22/07/2020 14:11:14,Interval,17.22,171.28,235.0,5.21,13.09,284.0,272.0,1224.4
22/07/2020 14:11:15,Interval,18.45,172.74,235.7,4.42,13.09,284.0,280.0,1041.8
22/07/2020 14:11:16,Interval,17.72,171.47,233.3,3.70,13.09,284.0,277.0,863.2
22/07/2020 14:11:17,Interval,16.98,168.82,237.1,2.64,13.09,284.0,281.0,625.9
22/07/2020 14:11:18,Interval,16.29,169.11,236.1,2.34,13.09,284.0,280.0,552.5
22/07/2020 14:11:19,Interval,16.53,167.77,238.2,2.16,13.09,284.0,275.0,514.5
22/07/2020 14:11:20,Interval,16.71,167.56,244.4,3.38,13.09,284.0,275.0,826.1
22/07/2020 14:11:21,Interval,17.05,168.52,235.8,2.49,13.09,284.0,276.0,587.1
22/07/2020 14:11:22,Interval,17.31,170.37,232.3,3.59,13.09,284.0,270.0,834.0
22/07/2020 14:11:23,Interval,17.04,168.28,239.2,3.76,13.09,284.0,272.0,899.4
22/07/2020 14:11:24,Interval,16.88,170.33,236.5,3.66,13.09,284.0,268.0,865.6
22/07/2020 14:11:25,Interval,16.99,172.06,229.7,2.33,13.09,284.0,271.0,535.2
22/07/2020 14:11:26,Interval,16.03,170.36,236.2,4.42,13.09,284.0,285.0,1044.0
22/07/2020 14:11:27,Interval,18.97,173.62,231.2,4.62,13.09,284.0,276.0,1068.1
22/07/2020 14:11:28,Interval,19.36,169.84,233.6,2.56,13.09,284.0,277.0,598.0
22/07/2020 14:11:29,Interval,19.20,168.83,236.5,3.12,13.09,284.0,271.0,737.9
22/07/2020 14:11:30,Interval,17.81,170.45,238.5,4.87,13.09,284.0,277.0,1161.5
22/07/2020 14:11:31,Interval,17.22,168.18,238.4,2.32,13.09,284.0,278.0,553.1
22/07/2020 14:11:32,Interval,16.84,168.58,237.3,2.01,13.09,284.0,275.0,477.0
22/07/2020 14:11:33,Interval,16.48,166.79,236.0,2.22,13.09,284.0,273.0,523.9
22/07/2020 14:11:34,Interval,15.63,168.03,240.9,3.17,13.09,284.0,278.0,763.7
22/07/2020 14:11:35,Interval,15.32,165.48,237.5,2.21,13.09,284.0,278.0,524.9
22/07/2020 14:11:36,Interval,15.26,166.36,242.9,2.00,13.09,284.0,279.0,485.8
22/07/2020 14:11:37,Interval,15.41,166.43,236.0,2.43,13.09,284.0,277.0,573.5
22/07/2020 14:11:38,Interval,15.66,167.08,238.4,2.74,13.09,284.0,278.0,653.2
22/07/2020 14:11:39,Interval,15.49,167.88,236.9,2.66,13.09,284.0,278.0,630.2
22/07/2020 14:11:40,Interval,15.58,165.93,239.2,2.48,13.09,284.0,278.0,593.2
22/07/2020 14:11:41,Interval,15.64,167.87,240.0,2.32,13.09,284.0,279.0,556.8
22/07/2020 14:11:42,Interval,15.33,168.28,236.2,2.95,13.09,284.0,284.0,696.8
22/07/2020 14:11:43,Interval,16.72,170.02,232.8,2.87,13.09,284.0,289.0,668.1
22/07/2020 14:11:44,Interval,16.59,169.71,235.4,3.20,13.09,284.0,287.0,753.3
22/07/2020 14:11:45,Interval,16.30,168.47,238.4,3.97,13.09,284.0,283.0,946.4
22/07/2020 14:11:46,Interval,16.61,168.94,239.7,2.72,13.09,284.0,289.0,652.0
22/07/2020 14:11:47,Interval,15.10,164.31,243.1,2.36,13.09,284.0,285.0,573.7
22/07/2020 14:11:48,Interval,14.19,165.09,238.5,1.29,13.09,284.0,279.0,307.7
22/07/2020 14:11:49,Interval,14.49,165.81,242.0,2.37,13.09,284.0,278.0,573.5
22/07/2020 14:11:50,Interval,15.34,167.96,234.5,1.98,13.09,284.0,282.0,464.3
22/07/2020 14:11:51,Interval,15.62,169.26,235.2,2.19,13.09,284.0,283.0,515.1
22/07/2020 14:11:52,Interval,16.00,169.49,234.9,3.62,13.09,284.0,281.0,850.3
22/07/2020 14:11:53,Interval,15.12,169.96,236.5,3.17,13.09,284.0,276.0,749.7
22/07/2020 14:11:54,Interval,15.58,168.36,236.4,3.06,13.09,284.0,279.0,723.4
22/07/2020 14:11:55,Interval,15.22,167.11,239.2,2.78,13.09,284.0,280.0,665.0
22/07/2020 14:11:56,Interval,15.35,165.91,241.4,2.27,13.09,284.0,278.0,548.0
22/07/2020 14:11:57,Interval,15.27,167.25,238.3,3.30,13.09,284.0,280.0,786.4
22/07/2020 14:11:58,Interval,15.47,167.02,238.6,2.79,13.09,284.0,281.0,665.7
22/07/2020 14:11:59,Interval,15.22,168.00,235.7,2.74,13.09,284.0,284.0,645.8
22/07/2020 14:12:00,Interval,14.80,166.70,236.4,2.05,13.09,284.0,287.0,484.6
22/07/2020 14:12:01,Interval,15.24,166.40,242.1,2.51,13.09,284.0,286.0,607.7
22/07/2020 14:12:02,Interval,14.86,164.52,244.1,1.55,13.09,284.0,281.0,378.4
22/07/2020 14:12:03,Interval,15.65,164.38,239.8,0.43,13.09,284.0,264.0,103.1
22/07/2020 14:12:04,Interval,16.68,162.59,245.7,0.86,13.09,284.0,291.0,211.3
22/07/2020 14:12:05,Interval,13.31,162.20,247.6,1.12,13.09,284.0,281.0,277.3
22/07/2020 14:12:06,Interval,13.57,164.75,241.9,2.04,13.09,284.0,291.0,493.5
22/07/2020 14:12:07,Interval,14.05,165.49,240.5,1.06,13.09,284.0,290.0,254.9
22/07/2020 14:12:08,Interval,13.99,172.32,262.5,0.44,13.09,284.0,286.0,115.5
22/07/2020 14:12:09,Interval,12.87,173.35,260.9,1.19,13.09,284.0,292.0,310.5
22/07/2020 14:12:10,Interval,13.36,173.40,265.5,1.01,13.09,284.0,289.0,268.2
22/07/2020 14:12:11,Interval,13.15,174.51,258.7,2.42,13.09,284.0,285.0,626.1
22/07/2020 14:12:12,Interval,14.34,175.14,258.0,1.80,13.09,284.0,274.0,464.4
22/07/2020 14:12:13,Interval,14.16,172.96,264.9,1.02,13.09,284.0,276.0,270.2
22/07/2020 14:12:14,Interval,15.22,173.10,262.9,1.38,13.09,284.0,276.0,362.8
22/07/2020 14:12:15,Interval,15.21,174.39,258.6,2.17,13.09,284.0,282.0,561.2
22/07/2020 14:12:16,Interval,15.50,175.37,253.5,1.92,13.09,284.0,274.0,486.7
22/07/2020 14:12:17,Interval,16.39,176.27,253.3,2.51,13.09,284.0,269.0,635.8
22/07/2020 14:12:18,Interval,16.50,177.06,250.5,3.03,13.09,284.0,277.0,759.0
22/07/2020 14:12:19,Interval,16.30,176.09,259.2,2.44,13.09,284.0,275.0,632.4
22/07/2020 14:12:20,Interval,15.29,176.01,256.0,1.42,13.09,284.0,281.0,363.5
22/07/2020 14:12:21,Interval,14.96,174.24,259.4,1.44,13.09,284.0,293.0,373.5
22/07/2020 14:12:22,Interval,14.80,176.12,254.7,3.09,13.09,284.0,284.0,787.0
22/07/2020 14:12:23,Interval,16.28,178.74,250.9,2.93,13.09,284.0,290.0,735.1
22/07/2020 14:12:24,Interval,16.37,176.90,251.7,2.26,13.09,284.0,282.0,568.8
22/07/2020 14:12:25,Interval,16.14,177.95,248.8,2.85,13.09,284.0,282.0,709.1
22/07/2020 14:12:26,Interval,15.98,176.28,253.7,2.58,13.09,284.0,281.0,654.5
22/07/2020 14:12:27,Interval,15.58,177.33,247.8,2.80,13.09,284.0,282.0,693.8
22/07/2020 14:12:28,Interval,15.60,177.69,250.1,2.58,13.09,284.0,284.0,645.3
22/07/2020 14:12:29,Interval,16.11,176.78,257.3,3.26,13.09,284.0,281.0,838.8
22/07/2020 14:12:30,Interval,16.33,179.02,250.9,3.43,13.09,284.0,290.0,860.6
22/07/2020 14:12:31,Interval,15.78,177.58,253.8,3.53,13.09,284.0,286.0,895.9
22/07/2020 14:12:32,Interval,16.25,177.24,250.1,2.62,13.09,284.0,288.0,655.3
22/07/2020 14:12:33,Interval,16.16,177.49,250.3,3.10,13.09,284.0,286.0,775.9
22/07/2020 14:12:34,Interval,16.28,177.62,251.4,2.77,13.09,284.0,285.0,696.4
22/07/2020 14:12:35,Interval,16.05,176.70,256.3,3.25,13.09,284.0,290.0,833.0
22/07/2020 14:12:36,Interval,15.84,176.79,254.2,2.25,13.09,284.0,290.0,572.0
22/07/2020 14:12:37,Interval,15.74,177.16,252.4,2.19,13.09,284.0,290.0,552.8
22/07/2020 14:12:38,Interval,16.01,178.57,253.7,2.91,13.06,284.0,287.0,738.3
22/07/2020 14:12:39,Interval,16.36,177.26,251.9,3.41,13.09,284.0,292.0,859.0
22/07/2020 14:12:40,Interval,16.02,179.37,251.2,3.94,13.09,284.0,281.0,989.7
22/07/2020 14:12:41,Interval,16.42,177.74,253.5,3.33,13.09,284.0,286.0,844.2
22/07/2020 14:12:42,Interval,17.50,178.77,254.9,3.80,13.09,284.0,275.0,968.6
22/07/2020 14:12:43,Interval,16.05,176.95,250.7,2.78,13.09,284.0,291.0,696.9
22/07/2020 14:12:44,Interval,15.13,178.46,250.0,2.45,13.09,284.0,288.0,612.5
22/07/2020 14:12:45,Interval,16.23,177.03,250.8,2.62,13.09,284.0,289.0,657.1
22/07/2020 14:12:46,Interval,16.67,178.63,248.1,3.57,13.09,284.0,290.0,885.7
22/07/2020 14:12:47,Interval,16.82,177.79,252.6,2.62,13.09,284.0,278.0,661.8
22/07/2020 14:12:48,Interval,17.59,180.00,243.6,4.51,13.09,284.0,277.0,1098.6
22/07/2020 14:12:49,Interval,18.30,182.52,245.8,5.24,13.09,284.0,283.0,1288.0
22/07/2020 14:12:50,Interval,18.89,182.39,246.5,4.23,13.09,284.0,289.0,1042.7
22/07/2020 14:12:51,Interval,18.54,179.43,247.7,3.22,13.09,284.0,282.0,797.6
22/07/2020 14:12:52,Interval,17.15,178.11,253.9,2.86,13.09,284.0,282.0,726.2
22/07/2020 14:12:53,Interval,16.00,176.15,254.7,1.87,13.09,284.0,285.0,476.3
22/07/2020 14:12:54,Interval,15.82,175.30,255.6,1.46,13.09,284.0,286.0,373.2
22/07/2020 14:12:55,Interval,14.92,172.90,264.1,0.91,13.09,284.0,294.0,240.3
22/07/2020 14:12:56,Interval,14.72,173.90,259.2,1.09,13.09,284.0,293.0,282.5
22/07/2020 14:12:57,Interval,13.67,172.60,266.6,1.45,13.09,284.0,284.0,386.6
22/07/2020 14:12:58,Interval,13.97,173.10,265.4,1.12,13.09,284.0,283.0,297.2
22/07/2020 14:12:59,Interval,13.08,171.37,270.1,0.81,13.09,284.0,289.0,218.8
22/07/2020 14:13:00,Interval,12.73,172.05,266.3,0.98,13.09,284.0,290.0,261.0
22/07/2020 14:13:01,Interval,12.88,173.44,258.7,1.00,13.09,284.0,289.0,258.7
22/07/2020 14:13:02,Interval,12.19,172.72,264.3,1.70,13.09,284.0,288.0,449.3
22/07/2020 14:13:03,Interval,12.39,171.70,279.2,0.72,13.09,284.0,290.0,201.0
22/07/2020 14:13:04,Interval,12.16,171.01,271.2,0.82,13.09,284.0,288.0,222.4
22/07/2020 14:13:05,Interval,11.75,171.12,268.2,0.20,13.09,284.0,290.0,53.6
22/07/2020 14:13:06,Interval,11.85,171.24,269.8,0.71,13.09,284.0,295.0,191.6
22/07/2020 14:13:07,Interval,12.13,172.82,267.5,0.65,13.09,284.0,299.0,173.9
22/07/2020 14:13:08,Interval,12.06,172.10,262.6,0.63,13.09,284.0,298.0,165.4
22/07/2020 14:13:09,Interval,11.76,172.27,263.5,0.33,13.09,284.0,303.0,87.0
22/07/2020 14:13:10,Interval,11.90,173.30,260.4,1.47,13.09,284.0,297.0,382.8
22/07/2020 14:13:11,Interval,13.53,173.68,261.0,0.75,13.09,284.0,287.0,195.8
22/07/2020 14:13:12,Interval,13.95,172.37,264.1,0.81,13.09,284.0,291.0,213.9
22/07/2020 14:13:13,Interval,12.07,172.14,270.9,0.53,13.09,284.0,299.0,143.6
22/07/2020 14:13:14,Interval,11.79,171.15,267.7,0.90,13.09,284.0,297.0,240.9
22/07/2020 14:13:15,Interval,10.91,170.91,268.3,0.04,13.09,284.0,300.0,10.7
22/07/2020 14:13:16,Interval,10.66,170.05,270.9,0.04,13.09,284.0,299.0,10.8
22/07/2020 14:13:17,Interval,10.77,170.30,272.5,0.05,13.09,284.0,304.0,13.6
22/07/2020 14:13:18,Interval,11.71,172.41,265.4,1.26,13.09,284.0,310.0,334.4
22/07/2020 14:13:19,Interval,12.54,172.89,262.5,0.81,13.09,284.0,299.0,212.6
22/07/2020 14:13:20,Interval,13.34,172.27,260.3,0.04,13.09,284.0,296.0,10.4
22/07/2020 14:13:21,Interval,13.74,172.21,262.2,1.00,13.09,284.0,296.0,262.2
22/07/2020 14:13:22,Interval,13.12,173.20,258.0,0.35,13.09,284.0,298.0,90.3
22/07/2020 14:13:23,Interval,12.83,172.79,263.4,1.45,13.09,284.0,298.0,381.9
22/07/2020 14:13:24,Interval,12.71,173.06,262.3,1.10,13.09,284.0,301.0,288.5
22/07/2020 14:13:25,Interval,13.61,173.28,262.8,1.11,13.09,284.0,305.0,291.7
22/07/2020 14:13:26,Interval,13.66,173.30,260.7,1.01,13.09,284.0,303.0,263.3
22/07/2020 14:13:27,Interval,13.33,174.07,256.4,1.18,13.09,284.0,297.0,302.6
22/07/2020 14:13:28,Interval,14.53,174.99,255.8,1.90,13.06,284.0,292.0,486.0
22/07/2020 14:13:29,Interval,14.82,174.63,257.7,1.63,13.09,284.0,295.0,420.1
22/07/2020 14:13:30,Interval,14.19,162.49,227.0,4.26,13.09,284.0,294.0,967.0
22/07/2020 14:13:31,Interval,14.15,132.79,185.5,2.22,13.09,284.0,299.0,411.8
22/07/2020 14:13:32,Interval,13.51,97.13,167.2,1.02,13.09,284.0,296.0,170.5
22/07/2020 14:13:33,Interval,13.22,95.54,167.0,2.94,13.09,284.0,292.0,491.0
22/07/2020 14:13:34,Interval,13.74,87.47,150.8,1.18,13.09,284.0,291.0,177.9
22/07/2020 14:13:35,Interval,13.59,84.34,150.8,1.12,13.09,284.0,299.0,168.9
22/07/2020 14:13:36,Interval,11.99,84.65,150.8,0.79,13.09,284.0,296.0,119.1
22/07/2020 14:13:37,Interval,12.06,84.84,152.6,1.13,13.09,284.0,294.0,172.4
22/07/2020 14:13:38,Interval,12.93,84.52,151.3,0.74,13.09,284.0,289.0,112.0
22/07/2020 14:13:39,Interval,11.95,82.54,150.9,0.61,13.10,284.0,287.0,92.0
22/07/2020 14:13:40,Interval,10.75,84.24,152.0,1.05,13.10,284.0,291.0,159.6
22/07/2020 14:13:41,Interval,12.31,85.39,150.7,0.91,13.10,284.0,286.0,137.1
22/07/2020 14:13:42,Interval,12.20,83.91,152.2,1.02,13.10,284.0,284.0,155.2
22/07/2020 14:13:43,Interval,12.34,84.50,152.4,0.99,13.10,284.0,296.0,150.9
22/07/2020 14:13:44,Interval,11.84,84.74,151.5,0.95,13.10,284.0,284.0,143.9
22/07/2020 14:13:45,Interval,11.47,84.56,151.7,1.04,13.10,284.0,288.0,157.8
22/07/2020 14:13:46,Interval,11.72,86.05,151.1,1.08,13.10,284.0,275.0,163.2
22/07/2020 14:13:47,Interval,12.70,84.81,151.6,0.98,13.10,284.0,289.0,148.6
22/07/2020 14:13:48,Interval,13.60,85.60,150.2,1.01,13.10,284.0,275.0,151.7
22/07/2020 14:13:49,Interval,13.29,84.68,150.8,0.79,13.10,284.0,291.0,119.1
22/07/2020 14:13:50,Interval,12.97,85.62,152.1,1.33,13.10,284.0,299.0,202.3
22/07/2020 14:13:51,Interval,14.75,86.77,151.0,1.34,13.10,284.0,268.0,202.3
,,,,,,,,,
